{"recall@10": 0.4019102196752627, "recall@100": 0.5647206303724928, "recall@1000": 0.6887535816618909, "mrr@10": 0.2749032382771631}